Section,Item_ID,Description,Done
Infrastructure & Environment,1.1,Install PostgreSQL,
Infrastructure & Environment,1.2,Install PostGIS extension (CREATE EXTENSION postgis;),
Infrastructure & Environment,1.3,Create application database and user,
Infrastructure & Environment,1.4,Verify minimum server specs (8 cores 16 GB RAM 200 GB SSD) or document deviations,
Backend Project Structure,2.1,app/main.py - FastAPI app entry CORS router includes,
Backend Project Structure,2.2,app/core/config.py - env vars settings,
Backend Project Structure,2.3,app/core/database.py - engine session connection handling,
Backend Project Structure,2.4,app/models/ - SQLAlchemy models,
Backend Project Structure,2.5,app/schemas/ - Pydantic request/response schemas,
Backend Project Structure,2.6,app/api/upload.py - upload routes,
Backend Project Structure,2.7,app/api/matching.py - matching execution routes,
Backend Project Structure,2.8,app/api/kpi.py - KPI retrieval routes,
Backend Project Structure,2.9,app/api/dashboard.py - dashboard/risk-map routes,
Backend Project Structure,2.1,app/services/pdf_parser.py - PDF parsing (if required),
Backend Project Structure,2.11,app/services/normalization.py - name/address normalization,
Backend Project Structure,2.12,app/services/matching_engine.py - EPIC + fuzzy matching,
Backend Project Structure,2.13,app/services/kpi_engine.py - booth/constituency KPI calculation,
Backend Project Structure,2.14,app/utils/ - shared helpers,
Backend Project Structure,2.15,requirements.txt - FastAPI Uvicorn SQLAlchemy psycopg2 pandas rapidfuzz geoalchemy2,
Backend Project Structure,2.16,Alembic (or equivalent) configured for migrations,
Database Schema,3.1,Table constituencies - id name district state created_at,
Database Schema,3.2,Table booths - id constituency_id booth_number location_name geom Point 4326 created_at,
Database Schema,3.3,Table voters_pre_sir - id epic_number name relative_name age gender house_no address booth_id normalized_name normalized_address,
Database Schema,3.4,Table voters_post_sir - same structure as voters_pre_sir,
Database Schema,3.5,Table voter_match_results - id pre_voter_id post_voter_id classification match_score created_at,
Database Schema,3.6,Table booth_kpis - booth_id total_pre total_post additions deletions net_change_percent deletion_velocity youth_intake_percent gender_shift_percent risk_category,
Database Schema,3.7,Index: CREATE INDEX idx_epic_pre ON voters_pre_sir(epic_number),
Database Schema,3.8,Index: CREATE INDEX idx_epic_post ON voters_post_sir(epic_number),
Database Schema,3.9,Additional indexes (booth_id on voter tables constituency_id on booths),
Matching Engine,4.1,Exact EPIC match implemented,
Matching Engine,4.2,Same EPIC different booth classified as MIGRATED,
Matching Engine,4.3,Fuzzy name match (RapidFuzz) threshold >90% -> MODIFIED,
Matching Engine,4.4,No match from Pre -> DELETED,
Matching Engine,4.5,No match from Post -> ADDED,
Matching Engine,4.6,Same EPIC same booth no significant name change -> UNCHANGED,
Matching Engine,4.7,Booth-wise grouping for processing (no row-by-row Python loops at scale),
Matching Engine,4.8,Batch matching for large datasets,
Matching Engine,4.9,Match results persisted to voter_match_results,
KPI Engine,5.1,Total Pre-SIR voters (per booth/constituency),
KPI Engine,5.2,Total Post-SIR voters (per booth/constituency),
KPI Engine,5.3,Additions count,
KPI Engine,5.4,Deletions count,
KPI Engine,5.5,Net change %,
KPI Engine,5.6,Deletion velocity,
KPI Engine,5.7,Youth intake %,
KPI Engine,5.8,Gender shift %,
KPI Engine,5.9,Risk category: HIGH_RISK if deletions > 5% of total_pre else NORMAL,
KPI Engine,5.1,Booth KPIs written to booth_kpis,
KPI Engine,5.11,Constituency-level KPI aggregation available,
API Endpoints,6.1,POST /upload/pre-sir - upload Pre-SIR data (file/CSV),
API Endpoints,6.2,POST /upload/post-sir - upload Post-SIR data (file/CSV),
API Endpoints,6.3,POST /matching/run/{constituency_id} - trigger matching for a constituency,
API Endpoints,6.4,GET /kpi/booth/{booth_id} - booth KPI response,
API Endpoints,6.5,GET /kpi/constituency/{id} - constituency KPI response,
API Endpoints,6.6,GET /dashboard/risk-map/{constituency_id} - returns booth_id lat lng risk_category,
API Endpoints,6.7,Dashboard aggregates API (total additions deletions net roll change high-risk booth count),
Frontend React Dashboard,7.1,Dashboard page - KPI cards Total Additions Total Deletions Net Roll Change High-Risk Booth Count,
Frontend React Dashboard,7.2,Booth Analysis page - table Booth Additions Deletions Risk Youth %,
Frontend React Dashboard,7.3,Risk Heatmap page - react-leaflet map booth markers colored by risk level,
Frontend React Dashboard,7.4,Upload page - Pre-SIR and Post-SIR file upload UI wired to upload APIs,
Frontend React Dashboard,7.5,API client/service for all SIR endpoints,
Frontend React Dashboard,7.6,Routing - Dashboard Booth Analysis Risk Map Upload accessible from app,
Performance & Scale,8.1,No row-by-row Python loops for bulk matching; use batch/vectorized operations,
Performance & Scale,8.2,EPIC indexes in place and used in queries,
Performance & Scale,8.3,Booth-wise grouping in matching logic,
Performance & Scale,8.4,Database joins used where possible instead of app-side iteration,
Performance & Scale,8.5,(Optional) Async/background job for matching (Celery FastAPI BackgroundTasks) for large runs,
Deployment,9.1,Backend: Gunicorn + Uvicorn workers,
Deployment,9.2,Nginx reverse proxy for backend API,
Deployment,9.3,React production build (npm run build or equivalent),
Deployment,9.4,Frontend served via Nginx (or CDN),
Deployment,9.5,Environment variables for DB URL API base URL etc.,
Deployment,9.6,(Optional) Authentication enabled and documented,
Implementation Roadmap,10.1,Week 1: Install PostgreSQL + PostGIS,
Implementation Roadmap,10.2,Week 1: Set up FastAPI project structure,
Implementation Roadmap,10.3,Week 1: Create DB schema (all tables + indexes),
Implementation Roadmap,10.4,Week 2: Build matching engine,
Implementation Roadmap,10.5,Week 2: Test matching for 1 constituency,
Implementation Roadmap,10.6,Week 3: Implement KPI engine,
Implementation Roadmap,10.7,Week 3: Develop basic dashboard (all 4 pages + API integration),
Advanced Future Scope,Caste inference,Caste inference AI model,
Advanced Future Scope,Turnout,Turnout probability modeling,
Advanced Future Scope,Booth sim,Booth win/loss simulation,
Advanced Future Scope,ML anomaly,ML anomaly detection,
Advanced Future Scope,OCR,Automated OCR correction,
Advanced Future Scope,Cluster,Cluster analysis (e.g. scikit-learn),
Advanced Future Scope,Scale-out,Scale-out: read replicas Redis cache Celery/RabbitMQ for queues,
